{
  "probe1_word1_identity": {
    "layer": [
      0,
      1,
      2,
      3,
      4,
      5,
      6,
      7,
      8,
      9,
      10,
      11
    ],
    "accuracy": [
      1.0,
      1.0,
      1.0,
      1.0,
      1.0,
      1.0,
      1.0,
      1.0,
      1.0,
      1.0,
      1.0,
      1.0
    ],
    "accuracy_std": [
      0.0,
      0.0,
      0.0,
      0.0,
      0.0,
      0.0,
      0.0,
      0.0,
      0.0,
      0.0,
      0.0,
      0.0
    ]
  },
  "probe2_compound_vs_control": {
    "layer": [
      0,
      1,
      2,
      3,
      4,
      5,
      6,
      7,
      8,
      9,
      10,
      11
    ],
    "accuracy": [
      0.7064102564102565,
      0.6980392156862745,
      0.9019607843137255,
      0.8588235294117647,
      0.8941176470588236,
      0.8784313725490195,
      0.9019607843137255,
      0.9177224736048265,
      0.9215686274509803,
      0.9059577677224736,
      0.8902714932126697,
      0.8509803921568627
    ],
    "accuracy_std": [
      0.1771595143296395,
      0.22308176711102576,
      0.12213656080311716,
      0.13775818094313955,
      0.11064106650718339,
      0.1165966176260275,
      0.11365785683285833,
      0.09642728694271677,
      0.0992087109072433,
      0.08633974792989835,
      0.10499893591116449,
      0.15715658752559905
    ]
  },
  "probe3_by_compositionality": {
    "1": {
      "layer": [
        0,
        1,
        2,
        3,
        4,
        5,
        6,
        7,
        8,
        9,
        10,
        11
      ],
      "accuracy": [
        1.0,
        1.0,
        1.0,
        1.0,
        1.0,
        1.0,
        1.0,
        1.0,
        1.0,
        1.0,
        1.0,
        1.0
      ]
    },
    "2": {
      "layer": [
        0,
        1,
        2,
        3,
        4,
        5,
        6,
        7,
        8,
        9,
        10,
        11
      ],
      "accuracy": [
        1.0,
        1.0,
        1.0,
        1.0,
        1.0,
        1.0,
        1.0,
        1.0,
        1.0,
        1.0,
        1.0,
        1.0
      ]
    },
    "3": {
      "layer": [
        0,
        1,
        2,
        3,
        4,
        5,
        6,
        7,
        8,
        9,
        10,
        11
      ],
      "accuracy": [
        1.0,
        1.0,
        1.0,
        1.0,
        1.0,
        1.0,
        1.0,
        1.0,
        1.0,
        1.0,
        1.0,
        1.0
      ]
    },
    "4": {
      "layer": [
        0,
        1,
        2,
        3,
        4,
        5,
        6,
        7,
        8,
        9,
        10,
        11
      ],
      "accuracy": [
        0.7013295346628681,
        0.6134852801519468,
        0.7122507122507122,
        0.9382716049382717,
        0.9753086419753085,
        0.9629629629629629,
        0.7654320987654321,
        0.7283950617283951,
        0.7777777777777778,
        0.7635327635327634,
        0.7872744539411206,
        0.8110161443494777
      ]
    },
    "5": {
      "layer": [
        0,
        1,
        2,
        3,
        4,
        5,
        6,
        7,
        8,
        9,
        10,
        11
      ],
      "accuracy": [
        0.719453672942045,
        0.781469176818014,
        0.937984496124031,
        0.9143595422665189,
        0.9302325581395349,
        0.8516057585825028,
        0.937984496124031,
        0.937984496124031,
        0.9457364341085271,
        0.9457364341085271,
        0.9219269102990033,
        0.8748615725359912
      ]
    }
  },
  "n_compound_samples": 120,
  "n_control_samples": 136,
  "n_word1_classes": 31
}