{
  "experiment1": {
    "wilcoxon_stat": 160.0,
    "wilcoxon_p": 0.000209808349609375,
    "spearman_boost_r": -0.2668084822394453,
    "spearman_boost_p": 0.2845018213840775,
    "spearman_logboost_r": -0.2668084822394453,
    "spearman_logboost_p": 0.2845018213840775,
    "cohens_d": 0.6311901322679118,
    "median_boost": 20.154732491566847,
    "median_boost_ci": [
      4.747073152789856,
      180.16069274377745
    ],
    "n_top1": 4
  },
  "experiment2": {
    "mean_r2": 0.9368706385294596,
    "std_r2": 0.019883391457520272,
    "mean_residual": 0.24821000198523205,
    "ttest_r2_stat": 176.30035361897708,
    "ttest_r2_p": 7.8558932669443185e-25,
    "spearman_comp_r2_r": 0.669482353542254,
    "spearman_comp_r2_p": 0.006333776576879612,
    "spearman_comp_residual_r": -0.669482353542254,
    "spearman_comp_residual_p": 0.006333776576879612
  },
  "experiment3": {
    "probe1_mean_accuracy": 1.0,
    "probe2_peak_accuracy": 0.9215686274509803,
    "probe2_peak_layer": 8,
    "probe2_z": 9.50174737219423,
    "probe2_p": 0.0
  },
  "experiment4": {
    "mean_attn_diff_by_layer": [
      0.051627612585379325,
      0.005336542415855494,
      -0.024571550604413656,
      -0.007201896086801614,
      -0.031825757990208876,
      0.012258802195592987,
      -0.018816535957452824,
      -0.024693314864446522,
      -0.01741494586980141,
      -0.005784779548611029,
      -0.001890880922260027,
      0.0001378875865210686
    ]
  }
}